<?xml version="1.0" encoding="UTF-8"?>
<project-private xmlns="http://www.netbeans.org/ns/project-private/1">
    <editor-bookmarks xmlns="http://www.netbeans.org/ns/editor-bookmarks/2" lastBookmarkId="0"/>
    <open-files xmlns="http://www.netbeans.org/ns/projectui-open-files/2">
        <group>
            <file>file:/home/wortinguk/Documents/MPLABX/ServoTester.X/main.c</file>
            <file>file:/home/wortinguk/Documents/MPLABX/ServoTester.X/main.h</file>
            <file>file:/home/wortinguk/Documents/MPLABX/ServoTester.X/mcc_generated_files/adc.c</file>
            <file>file:/home/wortinguk/Documents/MPLABX/ServoTester.X/mcc_generated_files/pin_manager.h</file>
            <file>file:/home/wortinguk/Documents/MPLABX/ServoTester.X/mcc_generated_files/adc.h</file>
        </group>
    </open-files>
</project-private>
